,domain,type
0,fakenaeb.ru,malware_download
1,toshibanetcam.com,malware_download
2,sweet-bud.com,malware_download
3,ssl443.org,malware_download
4,isaacwright.com,malware_download
5,zzz.com.ua,malware_download
6,sunsethillhoney.com,malware_download
7,ru.com,malware_download
8,oteam.io,malware_download
9,monerov8.com,malware_download
10,zyns.com,malware_download
11,mylftv.com,malware_download
12,toh.info,malware_download
13,ranknfile.org,malware_download
14,schoolaredu.com,malware_download
15,install-upload.com,malware_download
16,myz.info,malware_download
17,bncv334d.ru,malware_download
18,dunysaki.ru,malware_download
19,industry-buzz.com,malware_download
20,ikpaie.pl,malware_download
21,demopn.com,malware_download
22,coopsantamonica.com.ar,malware_download
23,nowokay.shop,malware_download
24,syncdatacore.net,malware_download
25,wearepermana.com,malware_download
26,altinkayalar.net,malware_download
27,halal-expo.my,malware_download
28,aandeslagmetpit.nl,malware_download
29,fabiennebakker.nl,malware_download
30,tkpgtaaqatrunnada.sch.id,malware_download
31,cbmagency.com,malware_download
32,aaykaydetergents.com,malware_download
33,ayodhyatrade.com,malware_download
34,lotusttrade.com,malware_download
35,nanyangbaobao.com,malware_download
36,gelatidoro.sk,malware_download
37,shreedadaghagre.com,malware_download
38,costayres.com,malware_download
39,wrapmotors.com,malware_download
40,sevensites.es,malware_download
41,foodandwoodworks.com,malware_download
42,zimerim4u.co.il,malware_download
43,batalhademitos.com.br,malware_download
44,yatcheong.com,malware_download
45,redirectme.net,malware_download
46,coinspottechrem.com,malware_download
47,eitchendie.com,malware_download
48,automaticment.com,malware_download
49,spontaneoution.com,malware_download
50,tplstore.com.pk,malware_download
51,nonlocality.com,malware_download
52,99.com,malware_download
53,designerforhad.com,malware_download
54,arvolea.pt,malware_download
55,atelierap.cz,malware_download
56,vatraneamului.it,malware_download
57,universadeliveryservice.com,malware_download
58,pdri.or.id,malware_download
59,batalhademitos.com.br,malware_download
60,anghayehrabbani.com,malware_download
61,i3program.org,malware_download
62,fondtomafound.org,malware_download
63,m78.com,malware_download
64,coolsofttech.com,malware_download
65,proalergico.sk,malware_download
66,rbs.sch.id,malware_download
67,study.ir,malware_download
68,fikresufia.com,malware_download
69,mankintech.com,malware_download
70,easyfilter.it,malware_download
71,jsbspod.com,malware_download
72,weronikasculptu.re,malware_download
73,unived.ac.id,malware_download
74,applehomestay.com,malware_download
75,flux.com.uy,malware_download
76,uta.cl,malware_download
77,tdcind.com,malware_download
78,eenidee.nu,malware_download
79,auliyarahman.com,malware_download
80,groomdog.ru,malware_download
81,devstage.in,malware_download
82,sanderohrglobalsolutions.com,malware_download
83,bigmindtech.in,malware_download
84,ukipbolton.org,malware_download
85,nissanbacgiang.com,malware_download
86,one4five.com.ng,malware_download
87,x4r7.ru,malware_download
88,miniessay.net,malware_download
89,structecoship.com,malware_download
90,jar5.com,malware_download
91,kalselprov.go.id,malware_download
92,brainscf.com,malware_download
93,projectconsultingservices.in,malware_download
94,luxtrafik.com.ua,malware_download
95,constructionclub.pl,malware_download
96,intelliservices.io,malware_download
97,vergnano1882.ru,malware_download
98,sejutaaplikasiasia.com,malware_download
99,cbs.dk,malware_download
100,zmhws.com,malware_download
101,yorkshireeventhire.co.uk,malware_download
102,stafette.ro,malware_download
103,avalonwaterways.eu,malware_download
104,unam.mx,malware_download
105,buzztinker.com,malware_download
106,digistudy.vn,malware_download
107,karl-abert.de,malware_download
108,kaehlerweb.de,malware_download
109,easypools.com.ng,malware_download
110,checkwp.top,malware_download
111,simixcz.cz,malware_download
112,stanvandongen.com,malware_download
113,easternsea.com.sg,malware_download
114,drcchile.com,malware_download
115,pravprihod.ru,malware_download
116,omgmtg.com,malware_download
117,iae.edu.vn,malware_download
118,3teej.com,malware_download
119,guillermocazenave.com,malware_download
120,masongthebom.com,malware_download
121,designvaerk.dk,malware_download
122,askthemadpoet.net,malware_download
123,akpeugono.com,malware_download
124,growhealthy.pt,malware_download
125,irqureshi.com,malware_download
126,soil-stabilization.ir,malware_download
127,rysimis.pl,malware_download
128,dodahanghieu.net,malware_download
129,globalipcall.com,malware_download
130,rodrigogomez.com.mx,malware_download
131,goldfera.com,malware_download
132,albus.com.br,malware_download
133,diypartyhome.com,malware_download
134,bahisreklami.com,malware_download
135,ahiyangrup.com.tr,malware_download
136,karamed.ir,malware_download
137,minimal-idw.com,malware_download
138,krakksiegowosc.pl,malware_download
139,nirjhara.com,malware_download
140,sannicoloimmobiliare.com,malware_download
141,rouxing.org,malware_download
142,prochazkaservis.cz,malware_download
143,pandora-jewelry-clearance.us,malware_download
144,thearab.org,malware_download
145,siisa.com.mx,malware_download
146,taxtionfree.co.in,malware_download
147,ohyellow.nl,malware_download
148,massomsadarpuri.com,malware_download
149,cn.com,malware_download
150,majoristanbul.com,malware_download
151,shazaamwebsites.com,malware_download
152,wordsoflove.jp,malware_download
153,vdmacademy.in,malware_download
154,tjs-properties.co.uk,malware_download
155,gaozhibrand.com,malware_download
156,theupperquartile.co.uk,malware_download
157,hotelterradets.com,malware_download
158,smilefy.com,malware_download
159,treassurebank.org,malware_download
160,hopex.com.co,malware_download
161,simonefortunato.it,malware_download
162,picntic.com,malware_download
163,teach420.com,malware_download
164,rychlapreprava.sk,malware_download
165,sallywensleypainting.com.au,malware_download
166,wefun.com.br,malware_download
167,gourmetreats.in,malware_download
168,mmcountrywidepages.com,malware_download
169,zcmpompa.com,malware_download
170,l2-400.com,malware_download
171,univ-lr.fr,malware_download
172,fabinterio.co.in,malware_download
173,dogalbilgi.com,malware_download
174,treassurebank.org,malware_download
175,tringshop.com,malware_download
176,zaferhavuz.com,malware_download
177,turnuvam.org,malware_download
178,sahafstandi.com,malware_download
179,ubotec.com,malware_download
180,zymogen.net,malware_download
181,khaf1372.ir,malware_download
182,wppackaging.com,malware_download
183,wsu.ac.za,malware_download
184,technorash.com,malware_download
185,alrafahfire.com,malware_download
186,lymphaticyogaexpert.com,malware_download
187,trendendustriyel.com,malware_download
188,vahokad.sk,malware_download
189,tvbildirim.com,malware_download
190,bilgiegitimonline.com,malware_download
191,workworldtraining.it,malware_download
192,corsateam.com.br,malware_download
193,arcticcat.sk,malware_download
194,belocal.today,malware_download
195,mauwebsitedep.com,malware_download
196,hostingboom.com,malware_download
197,xn--90avpa.xn--p1ai,malware_download
198,thehomelymealmaker.in,malware_download
199,techaheadcorp.ca,malware_download
200,sadednews.com,malware_download
201,shuntelevator.com,malware_download
202,steelbarsshop.com,malware_download
203,tophrmyanmar.com,malware_download
204,ikramcigkofteci.com,malware_download
205,study.ir,malware_download
206,theessaypros.com,malware_download
207,marcelobuarque.com,malware_download
208,kolkatacleanair.in,malware_download
209,koobeba.com,malware_download
210,panoramadaily.com,malware_download
211,tknowledgy.com,malware_download
212,souzacruzengenharia.com.br,malware_download
213,fillysrealestate.com,malware_download
214,promotoyotaindo.com,malware_download
215,speedcargomovers.net,malware_download
216,heteml.jp,malware_download
217,sysconmyanmar.com,malware_download
218,proapparel.my,malware_download
219,disal-group.kz,malware_download
220,dreamstyle.cl,malware_download
221,seotm.pro,malware_download
222,margueriteceleste.com,malware_download
223,ssrai.org,malware_download
224,youtube-video-marketing.com,malware_download
225,tarakiriclusterfoundation.org,malware_download
226,allswatch.by,malware_download
227,simon-darrieumerlou.fr,malware_download
228,quanganhmobile.net,malware_download
229,silverexplore.com,malware_download
230,phongkhamquanghoa.com,malware_download
231,uin-malang.ac.id,malware_download
232,organicmartdn.com,malware_download
233,mrshare.info,malware_download
234,rouze-aurelien.com,malware_download
235,kolelarab.com,malware_download
236,harsheelaresorts.com,malware_download
237,hurrican.sk,malware_download
238,dothome.co.kr,malware_download
239,firmadergisi.com,malware_download
240,indufan.cl,malware_download
241,fauzulhasan.com,malware_download
242,uns.ac.id,malware_download
243,usaistefl.com,malware_download
244,travellow.world,malware_download
245,lymphaticyogaexpert.com,malware_download
246,regiosano.mx,malware_download
247,novagy.net,malware_download
248,ptgatesolutions.com,malware_download
249,pianobyearsecrets.com,malware_download
250,fauzulhasan.com,malware_download
251,radiocharlene.com,malware_download
252,rencontre-feminin.com,malware_download
253,poojasingh.me,malware_download
254,ndigital.cn,malware_download
255,nguyenthituyet.org,malware_download
256,nextnewspost.com,malware_download
257,parkingmasterbd.com,malware_download
258,past.com.tr,malware_download
259,nicroturk.com,malware_download
260,nicosiabujinkan.com,malware_download
261,mistcinemas.com,malware_download
262,moveistradicao.ind.br,malware_download
263,netmarkets.ru,malware_download
264,nafistile.com,malware_download
265,epicbusinessmedia.com,malware_download
266,notarius.kharkiv.ua,malware_download
267,netich.co.ke,malware_download
268,modelsofmeerut.com,malware_download
269,kaebischschokoladen.com.br,malware_download
270,monitoringgor.pl,malware_download
271,koksanuan.go.th,malware_download
272,mikekirin.com,malware_download
273,take-zou.com,malware_download
274,thienuy.com,malware_download
275,pdsconsulting.com,malware_download
276,dfydemos.com,malware_download
277,futurer.co.nz,malware_download
278,newsoftnet.it,malware_download
279,maxwaycn.com,malware_download
280,keyworld.co.id,malware_download
281,dutchba.com,malware_download
282,databeuro.com,malware_download
283,coiptpyv.net.pl,malware_download
284,ylgcelik.site,malware_download
285,serveftp.com,malware_download
286,hostname.vip,malware_download
287,gulinsalacarte.se,malware_download
288,kalitukas.lt,malware_download
289,kykeon-eleusis.com,malware_download
290,zimerim4u.co.il,malware_download
291,foodandwoodworks.com,malware_download
292,wrapmotors.com,malware_download
293,sevensites.es,malware_download
294,smsafiliados.com,malware_download
295,spiritv2.com,malware_download
296,bondibackpackersnhatrang.com,malware_download
297,antorres.com,malware_download
298,anorimoi.com,malware_download
299,transagep.com,malware_download
300,carfacil.com,malware_download
301,hourofcode.cn,malware_download
302,applianceworld.co.ug,malware_download
303,pueblosdecampoymar.cl,malware_download
304,aisis.co.uk,malware_download
305,shawktech.com,malware_download
306,wowter.com,malware_download
307,kasebbazar.com,malware_download
308,jhsstudio.com.br,malware_download
309,joycearends.nl,malware_download
310,droneandroid.cz,malware_download
311,crazycafe.net,malware_download
312,24hsuckhoe.com,malware_download
313,misiva.com.ec,malware_download
314,stardeveloperspk.com,malware_download
315,familyhospital.vn,malware_download
316,skins-dreamteam.eu,malware_download
317,bahauser.com,malware_download
318,azzie.cz,malware_download
319,b2on.com.br,malware_download
320,pasb.my,malware_download
321,vhost.mk,malware_download
322,bey12.com,malware_download
323,swandecorators.co.uk,malware_download
324,foodplus.com.vn,malware_download
325,ingenioustant.com,malware_download
326,donghuongkiengiang.com,malware_download
327,telebriscom.cl,malware_download
328,koncertprotistrachu.cz,malware_download
329,koncertprotistrachu.cz,malware_download
330,andacollochile.cl,malware_download
331,kurtz55.ru,malware_download
332,mercuryhealthcare.co.ke,malware_download
333,cnhornebakery.com,malware_download
334,kifge43.ru,malware_download
335,aliceincode.com,malware_download
336,albertgrafica.com.br,malware_download
337,albertgrafica.com.br,malware_download
338,universaliteds.com,malware_download
339,aliceincode.com,malware_download
340,albertgrafica.com.br,malware_download
341,albertgrafica.com.br,malware_download
342,rdspresource.ca,malware_download
343,91tzy.com,malware_download
344,haipanet.com,malware_download
345,vanmook.net,malware_download
346,itotemic.com,malware_download
347,bext.com,malware_download
348,shanghai-panda.com,malware_download
349,tappingforpeace.com,malware_download
350,staticoo.com,malware_download
351,tu.ac.th,malware_download
352,tu.ac.th,malware_download
353,ascestas.com.br,malware_download
354,abdillahsystem.com,malware_download
355,actonastro.com,malware_download
356,slfeed.net,malware_download
357,neomgk.me,malware_download
358,truetechnologies.net,malware_download
359,benzelcleaningsystems.com,malware_download
360,10zan.com,malware_download
361,cnec.br,malware_download
362,actron.com.my,malware_download
363,backofficebids.com,malware_download
364,aufagroup.com,malware_download
365,canlitv.kim,malware_download
366,gadisbetuahtravel.com,malware_download
367,rosolutions.com.mx,malware_download
368,bbz.kg,malware_download
369,fortechnical.ru,malware_download
370,atuteb.com,malware_download
371,bevoc.nl,malware_download
372,bendafamily.com,malware_download
373,bernardlawgroup.com,malware_download
374,bedfont.com,malware_download
375,cqconsulting.ca,malware_download
376,tinhdauhanoi.org,malware_download
377,austin-smith.co.uk,malware_download
378,autofashionfactory.com,malware_download
379,bembelbrigade.de,malware_download
380,dandsinternet.com,malware_download
381,eingenia.com,malware_download
382,bernielandry.com,malware_download
383,banzaimonkey.com,malware_download
384,automyjnia-bytow.pl,malware_download
385,audiogeer.com,malware_download
386,automatic-gates.hu,malware_download
387,aubergedelagare.com,malware_download
388,atlanticorentals.com,malware_download
389,athemmktg.com,malware_download
390,artvest.org,malware_download
391,oasishub.co,malware_download
392,asepspa.cl,malware_download
393,aro.media,malware_download
394,artmaui.com,malware_download
395,ardali.eu,malware_download
396,armourplumbing.com,malware_download
397,arnela.nl,malware_download
398,alannonce.fr,malware_download
399,applecoffee.com,malware_download
400,laptrinhwebcoban.com,malware_download
401,mitreart.com,malware_download
402,yasgold.com,malware_download
403,zeecdn.com,malware_download
404,kose.online,malware_download
405,fmkucm.sk,malware_download
406,alteman.com.br,malware_download
407,topsystemautomacao.com.br,malware_download
408,akwamax.com,malware_download
409,alexovicsattila.com,malware_download
410,redrhinofilms.com,malware_download
411,romeoz.com,malware_download
412,tomiauto.com,malware_download
413,kienthuctrading.com,malware_download
414,vitalacessorios.com.br,malware_download
415,uranie.ch,malware_download
416,artecautomaten.com,malware_download
417,exr0z.info,malware_download
418,alexwacker.com,malware_download
419,albertandyork.com,malware_download
420,ajosdiegopozo.com,malware_download
421,designnus.cl,malware_download
422,akashicinsights.com,malware_download
423,agtrade.hu,malware_download
424,myfootball.ro,malware_download
425,cdq.com.co,malware_download
426,aghakhani.com,malware_download
427,mundolagarto.com.ar,malware_download
428,ahoragsm.com.ar,malware_download
429,admins.lt,malware_download
430,buenapractica.cl,malware_download
431,hnfms.com.cn,malware_download
432,aegroup.co.uk,malware_download
433,originalsbrands.com,malware_download
434,hotelriverpalacegb.com,malware_download
435,mohidigi.com,malware_download
436,grillitrestaurant.com,malware_download
437,hepsiburadasilivri.com,malware_download
438,gadisbetuahtravel.com,malware_download
439,tacatacashidalgo.cl,malware_download
440,achieverspumpsandvalves.com,malware_download
441,ptmo.com.au,malware_download
442,acessocriativo.com.br,malware_download
443,actax.jp,malware_download
444,3gksa.com,malware_download
445,602881963.cz,malware_download
446,aasinfo.hu,malware_download
447,3546.com.tw,malware_download
448,amviciousava.com,malware_download
449,geshtalt.mk,malware_download
450,pagan.es,malware_download
451,1lorawicz.pl,malware_download
452,abconsulting-dz.com,malware_download
453,1blow.com,malware_download
454,creagrafica.com.ve,malware_download
455,shwesu.me,malware_download
456,dsb.com.pl,malware_download
457,colestevens.co.uk,malware_download
458,adlnovin.ir,malware_download
459,rafaelcarvalho.com.br,malware_download
460,my-christmastree.com,malware_download
461,pcmindustries.com,malware_download
462,bipcode.com.br,malware_download
463,sunrisetheme.com,malware_download
464,wsme.net,malware_download
465,wsotoolz.com,malware_download
466,tom11.com,malware_download
467,supercardoso.com.br,malware_download
468,deshifoodbd.com,malware_download
469,render.lt,malware_download
470,svenahrens.nl,malware_download
471,vszdee99kf.com,malware_download
472,vetaki.com,malware_download
473,dorubi.com,malware_download
474,demo-progenajans.com,malware_download
475,creativsoft.md,malware_download
476,cskhhungthinh.com,malware_download
477,thim.biz,malware_download
478,rkmonteiro.com.br,malware_download
479,eagenthk.com,malware_download
480,van-stratum.co.uk,malware_download
481,vanderbruggen.eu,malware_download
482,besyolplastik.com.tr,malware_download
483,webnemu.net,malware_download
484,wessexchemicalfactors.co.uk,malware_download
485,ricardob.eti.br,malware_download
486,weisbergweb.com,malware_download
487,worldclasstrans.com,malware_download
488,accurateadvisors.in,malware_download
489,walburg.pl,malware_download
490,vrouwenthrillers.nl,malware_download
491,walycorp.com,malware_download
492,vdstruik.nl,malware_download
493,vanmook.net,malware_download
494,kaebisch.com.br,malware_download
495,mediana.ir,malware_download
496,ue.nz,malware_download
497,wheenk.com,malware_download
498,designnus.cl,malware_download
499,crios.info,malware_download
500,villefranche-ambulances-69.fr,malware_download
501,marvin.tech,malware_download
502,oddity.co.za,malware_download
503,amviciousava.com,malware_download
504,beadack.com,malware_download
505,maxxpinturas.com.br,malware_download
506,typtotaal.nl,malware_download
507,trident-design.net,malware_download
508,triton.fi,malware_download
509,topgas.co.th,malware_download
510,thefanembassy.com,malware_download
511,thehalihans.com,malware_download
512,teknotown.com,malware_download
513,telovox.com,malware_download
514,tcbrs.com,malware_download
515,tabb.ro,malware_download
516,superkarting-uk.com,malware_download
517,srle.net,malware_download
518,thecreativeshop.com.au,malware_download
519,takapi.info,malware_download
520,strijkert.nl,malware_download
521,spread.ooo,malware_download
522,stargellenterprise.com,malware_download
523,smarthouse.ge,malware_download
524,somuchmore.ws,malware_download
525,sinding.org,malware_download
526,soylubilgisayar.net,malware_download
527,elasticbeanstalk.com,malware_download
528,edinteractive.cc,malware_download
529,factoryoutlets.pk,malware_download
530,rahmanmahbub.com,malware_download
531,sentabi.com,malware_download
532,seorailsy.com,malware_download
533,budedonate.press,malware_download
534,rossairey.com,malware_download
535,red.pe,malware_download
536,kurtz55.ru,malware_download
537,sliceoflimedesigns.com,malware_download
538,siamnatural.com,malware_download
539,jornaldofontes.com.br,malware_download
540,justinsimanjuntak.com,malware_download
541,elasticbeanstalk.com,malware_download
542,universaliteds.com,malware_download
543,fotolatinoproducciones.com,malware_download
544,kurtz55.ru,malware_download
545,strugglelymed.com,malware_download
546,senmat.com,malware_download
547,risami.net,malware_download
548,ruanova.com,malware_download
549,roijer.se,malware_download
550,circuloaeronautico.com,malware_download
551,arigbabuwogalleria.com,malware_download
552,routza.dk,malware_download
553,rangtrangxinh.vn,malware_download
554,gorguluyapi.com,malware_download
555,stimunol.ru,malware_download
556,cmturismo.com.br,malware_download
557,rdsarkar.com,malware_download
558,constructionclub.pl,malware_download
559,epcvlaamsbrabant.be,malware_download
560,ragnar.net,malware_download
561,pulsejobs.net,malware_download
562,pufferfiz.net,malware_download
563,blobfeed.com,malware_download
564,projectonepublishing.co.uk,malware_download
565,pro-forma.com.pl,malware_download
566,healthandfitnesstraining.shop,malware_download
567,7uptheme.com,malware_download
568,hyundai-danang.com.vn,malware_download
569,nascenture.com,malware_download
570,calm-tech.africa,malware_download
571,1pisoflight.com,malware_download
572,alkareemco.com,malware_download
573,victorialaneart.com,malware_download
574,minderasemedia.com,malware_download
575,propertyhub.ng,malware_download
576,movebeyond.me,malware_download
577,seiomon.eu,malware_download
578,mjits.co.uk,malware_download
579,apnapitara.com,malware_download
580,ghodaghodi.com,malware_download
581,spc-rdc.net,malware_download
582,gbmbuilders.com,malware_download
583,inspirapro.id,malware_download
584,evaksgrup.com.tr,malware_download
585,instagrama.ir,malware_download
586,modexcommunications.eu,malware_download
587,khotanperfume.com,malware_download
588,lwdev.nl,malware_download
589,highlifefurniture.net,malware_download
590,sonmoda.net,malware_download
591,lasrocas.co.uk,malware_download
592,breathenetwork.co.uk,malware_download
593,sacviettravel.com,malware_download
594,d5host.com,malware_download
595,organiccalabarzon.site,malware_download
596,ogilvy.africa,malware_download
597,lwkb.info,malware_download
598,leplan.mx,malware_download
599,entrepreneurship.ai,malware_download
600,ivanmocko.sk,malware_download
601,elleneramya.com,malware_download
602,econoticias.online,malware_download
603,inserito.me,malware_download
604,cpursuit.com,malware_download
605,brotherstaxikusadasi.com,malware_download
606,inces.gob.ve,malware_download
607,in.net,malware_download
608,blintech-ve.com,malware_download
609,artofu.de,malware_download
610,alegriavzw.be,malware_download
611,aceequities.in,malware_download
612,altfactor.ro,malware_download
613,kapporet-e-learningsolutions.com,malware_download
614,lomboktengahkab.go.id,malware_download
615,endiv.site,malware_download
616,fineprintingmart.com,malware_download
617,freelancerpharmacy.com,malware_download
618,foresightastro.com,malware_download
619,efigen.com.co,malware_download
620,eagle-oilfield.com,malware_download
621,eletronicautomacoes.com.br,malware_download
622,evaksgrup.com.tr,malware_download
623,suteajoin.com,malware_download
624,mostar.id,malware_download
625,ducatoturismo.com.br,malware_download
626,getwhen.fun,malware_download
627,kounterdev.com,malware_download
628,comrepbuchten.com,malware_download
629,berkatsejahtera.co.id,malware_download
630,chefuzma.com,malware_download
631,7iswing.com,malware_download
632,ARENDAKASS.su,malware_download
633,bohochicstyle.org,malware_download
634,alshahame.com,malware_download
635,avagly.ir,malware_download
636,bashheal.com,malware_download
637,xn--80ahduel7b5d.xn--p1ai,malware_download
638,nottingham24hourplumbers.co.uk,malware_download
639,ammedieval.org,malware_download
640,marbellaholiday.es,malware_download
641,lofradio5.ru,malware_download
642,lofradio5.ru,malware_download
643,ademaj.ch,malware_download
644,saeba.systems,malware_download
645,deportetotal.mx,malware_download
646,bdsm-academy.com,malware_download
647,colortronicsrew.com,malware_download
648,sytes.net,malware_download
649,cnfamilywealth.com,malware_download
650,austin-sams.com,malware_download
651,businesswebintegrations.com.au,malware_download
652,emirates-tradingcc.com,malware_download
653,smartchoice.com.vn,malware_download
654,atxin.cc,malware_download
655,xvision.co,malware_download
656,ecc17.com,malware_download
657,secueasyintergratedsystems.com,malware_download
658,hoangnq.com,malware_download
659,piotrszarmach.com,malware_download
660,lofradio5.ru,malware_download
661,robfelty.com,malware_download
662,ilzuricdhetrad.ru,malware_download
663,biitk.com,malware_download
664,strugglelymed.com,malware_download
665,gucul-huligan.com,malware_download
666,mqego.com,malware_download
667,internationalbazaarsale.com,malware_download
668,lofradio5.ru,malware_download
669,lofradio5.ru,malware_download
670,sunroofeses.info,malware_download
671,freesoft.website,malware_download
672,smartpromo.top,malware_download
673,lofradio5.ru,malware_download
674,lofradio5.ru,malware_download
675,prax0zma.ru,malware_download
676,skiddump.cf,malware_download
677,motorlineuk.co.uk,malware_download
678,andyliotta.com,malware_download
679,assetsoption.com,malware_download
680,mypromo.online,malware_download
681,blogforgamer.com,malware_download
682,lagardenhostel.org,malware_download
683,bigg-live.com,malware_download
684,kamagra4uk.com,malware_download
685,kaziriad.com,malware_download
686,elec-tb.com,malware_download
687,remenelectricals.com,malware_download
688,uclv.edu.cu,malware_download
689,maliebaanloop.nl,malware_download
690,digivietnam.com,malware_download
691,qnapoker.com,malware_download
692,amthanhanhsangtheanh.com,malware_download
693,old-console.ir,malware_download
694,clouding-world.online,malware_download
695,digitalprintshop.co.za,malware_download
696,hediyenkolay.com,malware_download
697,gk-yug23.ru,malware_download
698,abaco-hanau.de,malware_download
699,update-55.waw.pl,malware_download
700,mediaurls.xyz,malware_download
701,voasi.com,malware_download
702,comovencerorefluxo.com,malware_download
703,kmskonseling.com,malware_download
704,masuran.lk,malware_download
705,sixsigma-accreditation.org,malware_download
706,leku.in.ua,malware_download
707,userslinks.xyz,malware_download
708,clustergriyaagung.com,malware_download
709,colortile.in,malware_download
710,trellosoft.pro,malware_download
711,programszone.com,malware_download
712,djohnsonfamily.co.uk,malware_download
713,asis.io,malware_download
714,thelastcandy.com,malware_download
715,5gbfree.com,malware_download
716,akinlolo.co.uk,malware_download
717,divineconne.com,malware_download
718,europacific.in,malware_download
719,spm-tnr.co.id,malware_download
720,act-mag.com,malware_download
721,borsodchern.us,malware_download
722,fredwil.co.uk,malware_download
723,5gbfree.com,malware_download
724,shirkeswitch.net,malware_download
725,sakixx.ml,malware_download
726,sunsetrotarytn.org,malware_download
727,rangtech.com,malware_download
728,brwrqweo.uk,malware_download
729,ddns.net,malware_download
730,interruption.ru,malware_download
731,mediafire.com,malware_download
732,tcaircargo.com,malware_download
733,ddns.net,malware_download
734,raketa.site,malware_download
735,webtop.lv,malware_download
736,hghdefined.com,malware_download
737,vancongnghiepvn.com.vn,malware_download
738,ventanasdealuminio.org,malware_download
739,rinhuanet.us,malware_download
740,unsl.edu.ar,malware_download
741,usiquimica.com.br,malware_download
742,somersetweb.com,malware_download
743,panoramasistemas.com.br,malware_download
744,famarasurf.com,malware_download
745,phmcsecurities.org,malware_download
746,198424.com,malware_download
747,sahafstandi.com,malware_download
748,tripod.com,malware_download
749,dothome.co.kr,malware_download
750,cherrydemoserver10.com,malware_download
751,umakara.com.ua,malware_download
752,deportetotal.mx,malware_download
